{
    "serverA": 11,
    "serverB": 16,
    "average": [
        [0.0, 1.0000819082043695, 2.000138845712002, 2.999732087212693, 3.999515598519449, 4.999907778200122, 6.0001196597462725, 7.000007243743865, 8.000334485977014, 8.998519578655353, 9.999757757031995, 10.999475434457054, 12.00211058514188, 12.998822467519219, 14.00002299104356, 14.998016979942143],
        [0.9999959640581289, 2.000092099200518, 2.9997880720995034, 3.999798816239952, 5.0004666549153365, 5.9997060615209055, 6.999526484838028, 8.000604874348229, 9.000603646264098, 9.999666074490765, 11.00024163738173, 12.001223386993056, 12.999760845855084, 13.9989224566739, 14.999662090104646, 15.99994722393538],
        [1.9999500694854537, 3.000232262353933, 3.9998969334109904, 5.000612482525085, 6.0008512059123404, 6.999943671632362, 7.9997562084720455, 9.00033522364896, 9.998619223617672, 11.00127611094977, 11.998047366173465, 13.0003858699861, 13.997979214951727, 14.99771738105754, 16.00106827262917, 17.001823082990086],
        [2.9997992480233426, 4.000128888417241, 5.000305557520508, 5.999457017967593, 6.999493324104473, 7.999462743562843, 9.000793186300951, 10.00127263313597, 11.00048172311535, 11.999933722321314, 13.002006321560609, 14.001281927097255, 14.998245752826, 16.001345515875713, 16.997815317159244, 18.002030591441866],
        [3.999849317771574, 5.0002328561567815, 5.99977607648231, 6.9998935540242915, 8.00048948764094, 8.999630449373734, 9.999856461637393, 11.000599342240298, 11.999602763172195, 12.998315844233593, 14.000211080691683, 15.000879641622324, 15.998279095298708, 16.99981707959222, 18.00085884354495, 19.002532463722105],
        [4.9999402100969155, 6.000271222609913, 7.000449726983577, 7.999453078371309, 8.999435344867619, 9.999211818837315, 10.999166364876439, 11.999249309951965, 13.001441198050058, 13.99885506426122, 15.001716152741562, 15.999168524160266, 16.99928325402137, 17.99980421201957, 18.998904662528098, 19.998284213585542],
        [5.9989518560030355, 6.99966952593852, 7.999798193073709, 8.999499952318939, 9.99880767947309, 11.0015610119907, 11.999487166952692, 12.99964599701659, 14.001200735362358, 14.9995136586006, 16.0009870013521, 17.000878371574995, 18.00036962259342, 19.000765219255097, 20.002406869395465, 21.001727195150465],
        [7.000233582741829, 7.999287992523117, 8.999483004556406, 10.001080371178288, 11.000822842055017, 12.00065610034621, 13.002313567979922, 13.998701975547583, 14.9998203224951, 15.999954301371664, 16.99989535617047, 17.999628109244448, 18.999001634952602, 19.999978175268456, 20.9986146128061, 22.001546656128316],
        [7.999968481477059, 9.00018885591755, 10.000537625590256, 10.99856145563658, 12.000443863483213, 12.99953366944538, 14.001394569467378, 14.999049144031103, 15.999947316389614, 17.000150174655648, 18.000936307476362, 19.00106532778442, 20.002899905595157, 20.999405943045666, 22.000423053919906, 22.999379599779406],
        [9.001141832954595, 9.999667979167258, 10.999928718407249, 11.998250868466728, 12.998161978409065, 13.999636660625852, 14.999898237115783, 16.000138577553685, 16.997278657430666, 18.001087399107103, 19.000006303373212, 20.000737267327164, 21.001519806603504, 22.00192804210324, 22.997530589191985, 24.000801139135834],
        [10.001238353536834, 11.000679399852451, 12.000996461992145, 12.997165857854734, 13.998597687680162, 14.999957909374263, 15.998702149482119, 16.99945728001812, 18.000355851638325, 19.001432753863984, 20.000619605142454, 20.9998975998982, 21.9992961104883, 23.000943053002807, 24.00097997414991, 24.99852163393075]
    ],
    "timeout": [
        [0.0, 0.0, 0.0, 1.51e-06, 4.386e-05, 0.00033239, 0.00127492, 0.00329825, 0.00675893, 0.01174369, 0.0183133, 0.02632853, 0.03569205, 0.04608072, 0.05742353, 0.06947676],
        [0.0, 0.0, 0.0, 2.43e-06, 5.861e-05, 0.00041827, 0.00152629, 0.00384578, 0.00769322, 0.01320917, 0.02034115, 0.02899783, 0.03889554, 0.04991698, 0.06184442, 0.07447168],
        [0.0, 0.0, 3e-08, 4.62e-06, 9.131e-05, 0.00055719, 0.0019067, 0.00462727, 0.00897799, 0.0151181, 0.02290227, 0.03220588, 0.04279704, 0.05447379, 0.06702955, 0.08019875],
        [1.46e-06, 2.16e-06, 5.05e-06, 2.359e-05, 0.00017482, 0.00083192, 0.00254021, 0.00576824, 0.01078147, 0.01762495, 0.02616599, 0.03627518, 0.04754437, 0.05995666, 0.07306863, 0.08686482],
        [4.469e-05, 5.944e-05, 9.194e-05, 0.00017755, 0.00050391, 0.00149372, 0.00371901, 0.00764209, 0.01342751, 0.02108564, 0.03052135, 0.04136546, 0.05346734, 0.06657562, 0.08038229, 0.09474547],
        [0.00033672, 0.00042034, 0.00055838, 0.00083682, 0.001494, 0.00301897, 0.00594595, 0.01069642, 0.01742396, 0.0259925, 0.03632202, 0.04799997, 0.06088622, 0.07472652, 0.08913326, 0.10401464],
        [0.00127199, 0.00152612, 0.00191499, 0.00254191, 0.00371897, 0.00596977, 0.0097527, 0.01544169, 0.02316315, 0.0327054, 0.04389242, 0.05646006, 0.07008505, 0.08454144, 0.09957295, 0.11496692],
        [0.00330089, 0.00384815, 0.00461589, 0.00577345, 0.00764537, 0.01070165, 0.01547209, 0.02215225, 0.03078645, 0.04128451, 0.05335279, 0.06663239, 0.08099118, 0.09602379, 0.11153794, 0.12741624],
        [0.00673981, 0.00770874, 0.00899678, 0.01077681, 0.01342438, 0.01741666, 0.02315042, 0.0308068, 0.04043949, 0.05181592, 0.06465008, 0.07867855, 0.09355675, 0.10906197, 0.12505888, 0.1411896],
        [0.01175924, 0.01320226, 0.01508957, 0.01759487, 0.02107701, 0.02599307, 0.0327162, 0.04128484, 0.05175112, 0.06398007, 0.07747543, 0.09205878, 0.10746981, 0.12346419, 0.13963389, 0.15611631],
        [0.01831413, 0.02034079, 0.02290127, 0.02614234, 0.03044831, 0.03630021, 0.04385716, 0.05332537, 0.06463759, 0.07747401, 0.09160969, 0.10664673, 0.12246464, 0.13874338, 0.15524913, 0.17178083]
    ],
    "optimal": {
        "timeout": 0.09957295,
        "server A": 6,
        "server B": 14,
        "Optimal average": 20.002406869395465
    }
}